Month,Month_Name,units,revenue
1,Jan,10074,1315178.7342004995
2,Feb,9986,1337470.9887795127
3,Mar,9754,1273504.300521328
4,Apr,10007,1325670.5588264302
5,May,9836,1284914.5172361422
6,Jun,9796,1268534.4732186175
7,Jul,10228,1337678.2862613993
8,Aug,9752,1279321.883295191
9,Sep,9935,1289227.7376282313
10,Oct,9835,1269434.6284101824
11,Nov,9649,1258518.0835178974
12,Dec,9942,1299379.205014046
